{"user-based_pearson_3": 2.124344290178689, "user-based_pearson_4": 1.9324191306252414, "user-based_pearson_5": 1.8065110538854976, "user-based_pearson_6": 1.7004339513405882, "user-based_pearson_7": 1.6260426328467334, "user-based_pearson_8": 1.5589793099382683, "user-based_pearson_9": 1.5087503379579177, "user-based_pearson_10": 1.4680367417263602, "user-based_pearson_20": 1.255479307754307, "user-based_pearson_30": 1.1784471049072966, "user-based_pearson_40": 1.137887080651096, "user-based_pearson_50": 1.109994473517473, "user-based_pearson_60": 1.09318009794587, "item-based_pearson_3": 2.124344290178689, "item-based_pearson_4": 1.9324191306252414, "item-based_pearson_5": 1.8065110538854976, "item-based_pearson_6": 1.7004339513405882, "item-based_pearson_7": 1.6260426328467334, "item-based_pearson_8": 1.5589793099382683, "item-based_pearson_9": 1.5087503379579177, "item-based_pearson_10": 1.4680367417263602, "item-based_pearson_20": 1.255479307754307, "item-based_pearson_30": 1.1784471049072966, "item-based_pearson_40": 1.137887080651096, "item-based_pearson_50": 1.109994473517473, "item-based_pearson_60": 1.09318009794587, "user-based_cosine_3": 3.692706620033965, "user-based_cosine_4": 3.688220353450569, "user-based_cosine_5": 3.684025462528796, "user-based_cosine_6": 3.6785340566343145, "user-based_cosine_7": 3.673058909410032, "user-based_cosine_8": 3.6677762951418393, "user-based_cosine_9": 3.6621279445535255, "user-based_cosine_10": 3.6573703234245984, "user-based_cosine_20": 3.5964216711667585, "user-based_cosine_30": 3.5402087324494875, "user-based_cosine_40": 3.4895936022005416, "user-based_cosine_50": 3.442111650518708, "user-based_cosine_60": 3.3934891406781476, "item-based_cosine_3": 3.692706620033965, "item-based_cosine_4": 3.688220353450569, "item-based_cosine_5": 3.684025462528796, "item-based_cosine_6": 3.6785340566343145, "item-based_cosine_7": 3.673058909410032, "item-based_cosine_8": 3.6677762951418393, "item-based_cosine_9": 3.6621279445535255, "item-based_cosine_10": 3.6573703234245984, "item-based_cosine_20": 3.5964216711667585, "item-based_cosine_30": 3.5402087324494875, "item-based_cosine_40": 3.4895936022005416, "item-based_cosine_50": 3.442111650518708, "item-based_cosine_60": 3.3934891406781476}