{"5": 82321.55230817488, "10": 34437.7745099571, "15": 26433.510867517027, "20": 48019.16144606483, "25": 87748.6374650142, "30": 133063.8362348941, "35": 183328.13458385883, "40": 225930.5322774492, "45": 250297.1174771839, "50": 267827.4058594658, "55": 278751.3752865132, "60": 276943.5044990796, "65": 273943.8717743869, "70": 265456.82196412206, "75": 256771.39674622667, "80": 245287.85303192725, "85": 234417.46630013702, "90": 221356.6656070362, "95": 207647.5256667792, "100": 194130.50575607357}