{"5": 1035851.5738748494, "10": 1104193.4945520852, "15": 1187728.4564046308, "20": 1286738.9879916133, "25": 1371234.3888569763, "30": 1451552.0278111682, "35": 1505532.7662612156, "40": 1541429.4495068216, "45": 1562968.060175343, "50": 1570533.4277432826, "55": 1565059.88981636, "60": 1556386.0159823224, "65": 1539507.843311916, "70": 1519630.2165863179, "75": 1497207.352024728, "80": 1470562.9774357742, "85": 1445657.5290213046, "90": 1427168.5145369903, "95": 1403389.0524238972, "100": 1381453.2538074423}